{"cameraMode":{"drawMode":0,"name":"Shaded","section":"Shading Mode"},"sceneLighting":true,"audioPlay":false,"sceneViewState":{"showFog":true,"showMaterialUpdate":false,"showSkybox":true,"showFlares":true,"showImageEffects":true,"showParticleSystems":true},"in2DMode":false,"pivot":{"x":0.09999990463256836,"y":2.9000000953674318,"z":0.0},"rotation":{"x":-0.01530277356505394,"y":-0.0293944850564003,"z":0.0004541924863588065,"w":-0.9994609951972961},"size":8.249848365783692,"orthographic":false}