{"cameraMode":{"drawMode":0,"name":"Shaded","section":"Shading Mode"},"sceneLighting":true,"audioPlay":false,"sceneViewState":{"showFog":true,"showMaterialUpdate":false,"showSkybox":true,"showFlares":true,"showImageEffects":true,"showParticleSystems":true},"in2DMode":false,"pivot":{"x":-0.5609995126724243,"y":2.4241693019866945,"z":-0.0133514404296875},"rotation":{"x":-0.0422963984310627,"y":0.008091003634035588,"z":-0.0003381046117283404,"w":-0.999082624912262},"size":5.91361141204834,"orthographic":false}